blockKey,cornerPt_x,cornerPt_z,V_x,V_z,theta_deg,R,R_authored,tl_A,sw_A,tl_B,sw_B,d_A,d_B,diff,ratio,regime,cuspFired,arcLen,rampLen,rampRatio,tlRings,swRings,aspRings,concentric,dropTreeLawn,selfInt,aChain,aSide,bChain,bSide,nArcVerts,nPrevStraightVerts,nNextStraightVerts,fbFound
"118.0,744.0",-503.42,666.02,-511.00,655.60,79.7,2.88,no,0.00,1.52,,,1.91,1.91,0.00,1.00,SYM-WITH-RAMP,0,5.05,2.00,0.40,1,1,0,0,0,0,Ann Avenue,right,,,17,188,3,1
"118.0,744.0",-133.07,797.76,-124.50,793.00,100.1,4.04,no,0.00,1.52,0.00,1.52,1.91,1.91,0.00,1.00,SYM-NO-RAMP,0,5.63,,,1,1,1,0,0,0,McNair Avenue,left,Ann Avenue,right,17,3,4,1
"118.0,744.0",-118.21,802.97,-124.50,793.00,79.2,2.86,no,0.00,1.52,0.00,1.52,1.91,1.91,0.00,1.00,SYM-NO-RAMP,0,5.04,,,0,1,1,0,0,0,Ann Avenue,left,McNair Avenue,left,17,4,12,1
"118.0,744.0",-115.92,788.33,-124.50,793.00,100.5,4.06,no,,,0.00,1.52,1.91,1.91,0.00,1.00,SYM-NO-RAMP,0,5.63,,,0,1,1,0,0,0,,,Ann Avenue,left,17,12,0,1
"118.0,744.0",-100.32,690.33,-106.50,679.90,79.4,2.87,no,0.00,1.52,,,1.91,1.91,0.00,1.00,SYM-NO-RAMP,0,5.04,,,0,1,1,0,0,0,Russell Boulevard,right,,,17,0,3,1
"118.0,744.0",112.22,642.90,104.00,634.00,78.9,3.61,no,1.25,1.52,0.00,1.52,3.15,1.91,1.25,0.60,ASYM,0,6.36,,,1,1,1,0,0,0,South 18th Street,left,Russell Boulevard,right,17,3,28,1
"118.0,744.0",131.35,522.89,121.20,526.00,100.9,4.09,no,,,1.25,1.52,3.15,3.15,0.00,1.00,SYM-WITH-RAMP,0,5.65,2.00,0.35,1,1,1,0,0,1,,,South 18th Street,left,17,28,188,1
"-621.0,752.0",-517.42,647.54,-508.50,641.40,87.7,3.25,no,,,,,,,,,NEITHER-EMITTED,0,5.24,,,0,0,0,0,0,0,,,,,17,1,12,0
"-621.0,752.0",-700.70,618.33,-705.10,610.20,89.7,3.35,no,,,,,,,,,NEITHER-EMITTED,0,5.28,,,0,0,0,0,0,0,,,,,17,12,1,0
"-229.0,696.5",-342.56,707.76,-351.80,712.20,100.2,4.03,no,,,0.00,1.52,1.91,1.91,0.00,1.00,SYM-NO-RAMP,0,5.62,,,0,1,1,0,0,1,,,Ann Avenue,left,17,2,1,1
"-229.0,696.5",-326.29,609.91,-333.00,599.30,80.0,2.90,no,,,,,,,,,NEITHER-EMITTED,0,5.05,,,0,0,0,0,0,0,,,,,17,1,0,0
"-229.0,696.5",-115.16,685.04,-106.50,679.90,100.5,4.06,no,,,,,,,,,NEITHER-EMITTED,0,5.63,,,0,0,0,0,0,0,,,,,17,0,0,0
"-229.0,696.5",-130.77,783.16,-124.50,793.00,80.2,2.90,no,0.00,1.52,,,1.91,1.91,0.00,1.00,SYM-NO-RAMP,0,14.33,,,0,1,1,0,0,1,Ann Avenue,left,,,34,0,2,1
"-793.0,669.5",-711.88,616.43,-705.10,610.20,90.3,3.38,no,,,,,,,,,NEITHER-EMITTED,0,5.29,,,0,0,0,0,0,0,,,,,17,11,11,0
"-3.0,656.0",-97.84,674.76,-106.50,679.90,100.5,4.06,no,,,,,,,,,NEITHER-EMITTED,0,5.63,,,0,0,0,0,0,0,,,,,17,1,0,0
"-3.0,656.0",-81.86,574.74,-88.40,566.60,79.8,2.89,no,,,,,,,,,NEITHER-EMITTED,0,5.05,,,0,0,0,0,0,0,,,,,17,0,0,0
"-3.0,656.0",92.24,635.73,104.00,634.00,100.2,4.50,no,,,,,,,,,NEITHER-EMITTED,0,6.27,,,0,0,0,0,0,0,,,,,17,0,1,0
"-422.0,627.5",-358.95,701.93,-351.80,712.20,79.9,2.89,no,,,,,,,,,NEITHER-EMITTED,0,5.05,,,0,0,0,0,0,0,,,,,17,1,0,0
"-422.0,627.5",-500.96,651.44,-511.00,655.60,99.6,3.99,no,,,,,,,,,NEITHER-EMITTED,0,5.59,,,0,0,0,0,0,0,,,,,17,0,1,0
"-422.0,627.5",-484.89,553.40,-492.40,542.50,79.6,2.88,no,,,,,,,,,NEITHER-EMITTED,0,5.04,,,0,0,0,0,0,0,,,,,17,1,0,0
"-422.0,627.5",-342.67,604.08,-333.00,599.30,100.0,4.02,no,,,,,,,,,NEITHER-EMITTED,0,5.61,,,0,0,0,0,0,0,,,,,17,0,1,0
"203.0,617.0",114.00,631.79,104.00,634.00,101.1,4.11,no,,,4.39,1.52,3.70,3.70,0.00,1.00,SYM-WITH-RAMP,1,5.65,2.00,0.35,1,1,1,0,0,0,,,South 18th Street,right,17,7,0,1
"203.0,617.0",129.30,535.74,121.20,526.00,79.1,2.86,no,4.39,1.52,,,2.57,2.57,0.00,1.00,SYM-WITH-RAMP,1,5.04,2.00,0.40,1,1,1,0,0,0,South 18th Street,right,,,17,0,7,1
"-210.0,582.5",-307.74,495.50,-315.00,487.10,78.9,3.60,no,,,,,,,,,NEITHER-EMITTED,0,6.36,,,0,0,0,0,0,0,,,,,17,1,0,0
"-210.0,582.5",-96.71,569.54,-88.40,566.60,100.3,4.36,no,,,,,,,,,NEITHER-EMITTED,0,6.07,,,0,0,0,0,0,0,,,,,17,0,0,0
"-210.0,582.5",-112.68,669.48,-106.50,679.90,79.5,3.02,no,,,,,,,,,NEITHER-EMITTED,0,5.30,,,0,0,0,0,0,0,,,,,17,0,0,0
"-210.0,582.5",-323.63,594.41,-333.00,599.30,99.6,4.20,no,,,,,,,,,NEITHER-EMITTED,0,5.88,,,0,0,0,0,0,0,,,,,17,0,1,0
"-599.5,576.5",-554.82,536.40,-556.60,528.30,136.5,4.50,no,0.00,1.52,0.00,1.52,1.91,1.91,0.00,1.00,SYM-NO-RAMP,0,3.43,,,0,1,1,0,0,0,Russell Boulevard,right,Russell Boulevard,right,17,2,2,1
"-599.5,576.5",-501.13,548.08,-492.40,542.50,96.5,3.76,no,,,0.00,1.52,1.91,1.91,0.00,1.00,SYM-NO-RAMP,0,5.48,,,0,1,1,0,0,0,,,Russell Boulevard,right,17,2,0,1
"-599.5,576.5",-514.98,633.18,-508.50,641.40,91.5,3.45,no,,,,,,,,,NEITHER-EMITTED,0,5.33,,,0,0,0,0,0,0,,,,,17,0,1,0
"-599.5,576.5",-698.32,603.97,-705.10,610.20,90.3,3.38,no,,,,,,,,,NEITHER-EMITTED,0,5.29,,,0,0,0,0,0,0,,,,,17,1,0,0
"-599.5,576.5",-684.46,519.84,-688.80,511.30,90.2,3.38,no,0.00,1.52,,,1.91,1.91,0.00,1.00,SYM-NO-RAMP,0,5.29,,,0,1,1,0,0,0,Russell Boulevard,right,,,17,0,2,1
"14.0,548.0",108.55,533.36,121.20,526.00,55.9,2.20,no,,,,,,,,,NEITHER-EMITTED,0,6.69,,,0,0,0,0,0,0,,,,,17,0,0,0
"14.0,548.0",94.01,624.65,104.00,634.00,79.7,2.88,no,,,,,,,,,NEITHER-EMITTED,0,5.05,,,0,0,0,0,0,0,,,,,17,0,0,0
"14.0,548.0",-80.46,563.53,-88.40,566.60,101.0,4.10,no,,,,,,,,,NEITHER-EMITTED,0,5.65,,,0,0,0,0,0,0,,,,,17,0,0,0
"14.0,548.0",-67.08,471.50,-73.10,462.60,81.0,2.94,no,,,,,,,,,NEITHER-EMITTED,0,5.00,,,0,0,0,0,0,0,,,,,17,0,0,0
"-794.5,545.0",-881.66,488.09,-886.30,479.50,90.6,3.40,no,,,0.00,1.52,1.91,1.91,0.00,1.00,SYM-NO-RAMP,0,5.25,,,0,1,1,0,0,0,,,California Avenue,left,17,4,0,1
"-794.5,545.0",-695.66,518.04,-688.80,511.30,89.8,3.35,no,,,,,,,,,NEITHER-EMITTED,0,5.28,,,0,0,0,0,0,0,,,,,17,0,0,0
"-794.5,545.0",-709.51,602.06,-705.10,610.20,89.7,3.35,no,0.00,1.52,,,1.91,1.91,0.00,1.00,SYM-NO-RAMP,0,5.27,,,0,1,1,0,0,1,California Avenue,left,,,17,0,4,1
"854.5,16.5",728.59,-554.12,733.20,-558.40,88.8,3.30,no,1.37,1.52,4.39,1.52,1.65,2.97,1.32,0.56,ASYM,1,5.25,,,1,1,1,0,0,0,South 17th Street,left,South 18th Street,right,17,13,6,1
"854.5,16.5",735.12,-552.47,733.20,-558.40,90.0,3.37,no,,,1.37,1.52,3.03,3.03,0.00,1.00,SYM-WITH-RAMP,1,5.28,2.00,0.38,1,1,1,0,0,0,,,South 17th Street,left,17,6,52,1
"854.5,16.5",735.01,551.09,728.50,543.50,92.3,3.50,no,1.37,1.52,,,3.15,3.15,0.00,1.00,SYM-WITH-RAMP,1,5.37,2.00,0.37,1,1,1,0,0,0,Emmet Street,left,,,17,52,10,1
"854.5,16.5",738.12,546.82,728.50,543.50,88.1,3.27,no,,,1.37,1.52,2.95,2.95,0.00,1.00,SYM-WITH-RAMP,1,5.25,2.00,0.38,1,1,1,0,0,1,,,Emmet Street,left,17,10,0,1
"854.5,16.5",796.15,466.81,792.90,454.70,90.2,3.37,no,,,,,,,,,NEITHER-EMITTED,0,5.29,,,0,0,0,0,0,0,,,,,17,0,6,0
"854.5,16.5",768.02,331.52,767.20,323.40,102.0,4.50,no,3.56,4.21,,,4.05,4.05,0.00,1.00,SYM-WITH-RAMP,1,6.29,2.00,0.32,1,1,1,0,0,0,Lafayette Avenue,left,,,17,6,16,1
"854.5,16.5",743.45,298.10,719.80,310.10,27.0,1.76,no,2.46,1.52,3.56,4.21,1.00,1.58,0.58,0.63,ASYM,1,7.36,,,1,1,1,0,0,0,South 14th Street,left,Lafayette Avenue,left,17,16,14,1
"854.5,16.5",724.91,10.56,714.70,13.10,96.7,4.50,no,,,2.46,1.52,4.05,4.05,0.00,1.00,SYM-WITH-RAMP,1,6.54,2.00,0.31,0,0,0,0,0,0,,,South 14th Street,left,17,14,0,0
"854.5,16.5",733.54,-22.84,725.60,-29.10,85.6,4.50,no,1.37,1.52,,,3.28,3.28,0.00,1.00,SYM-WITH-RAMP,0,7.41,2.00,0.27,1,1,0,0,0,0,Rutger Lane,left,,,17,0,2,1
"854.5,16.5",735.26,-29.33,725.60,-29.10,93.5,4.50,no,,,1.37,1.52,3.28,3.28,0.00,1.00,SYM-WITH-RAMP,0,6.79,2.00,0.29,1,1,1,0,0,0,,,Rutger Lane,left,17,2,0,1
"854.5,16.5",765.64,-139.52,758.00,-146.70,90.4,4.50,no,1.37,1.52,,,3.28,3.28,0.00,1.00,SYM-WITH-RAMP,0,7.04,2.00,0.28,1,1,1,0,0,0,Peabody Court,left,,,17,0,2,1
"854.5,16.5",768.12,-149.21,758.00,-146.70,91.1,4.50,no,1.37,1.52,1.37,1.52,3.28,3.28,0.00,1.00,SYM-WITH-RAMP,0,6.98,2.00,0.29,1,1,1,1,0,0,Lasalle Lane,left,Peabody Court,left,17,2,7,1
"854.5,16.5",703.57,-325.21,700.30,-320.90,89.2,4.50,no,7.03,1.52,1.37,1.52,4.05,1.62,2.43,0.40,ASYM,1,7.13,,,1,1,1,0,0,1,Grattan Street,right,Lasalle Lane,left,17,7,6,1
"854.5,16.5",736.38,-428.98,736.70,-437.80,119.2,4.50,no,4.39,1.52,7.03,1.52,2.92,4.05,1.13,0.72,ASYM,1,4.59,,,1,1,0,0,0,1,South 18th Street,right,Grattan Street,right,17,6,13,1
"-403.5,514.5",-324.21,489.76,-315.00,487.10,100.8,4.50,no,,,,,,,,,NEITHER-EMITTED,0,6.22,,,0,0,0,0,0,0,,,,,17,1,1,0
"-403.5,514.5",-339.98,588.59,-333.00,599.30,80.3,3.06,no,,,,,,,,,NEITHER-EMITTED,0,5.32,,,0,0,0,0,0,0,,,,,17,1,0,0
"-403.5,514.5",-482.36,537.86,-492.40,542.50,100.4,4.05,no,,,,,,,,,NEITHER-EMITTED,0,5.62,,,0,0,0,0,0,0,,,,,17,0,1,0
"-403.5,514.5",-466.22,441.59,-474.40,435.10,93.2,3.55,no,,,,,,,,,NEITHER-EMITTED,0,5.38,,,0,0,0,0,0,0,,,,,17,1,1,0
"657.0,431.0",714.21,407.79,715.70,399.10,90.8,3.41,no,,,,,,,,,NEITHER-EMITTED,0,5.31,,,0,0,0,0,0,0,,,,,17,68,0,0
"657.0,431.0",780.34,455.42,792.90,454.70,89.8,3.35,no,,,,,,,,,NEITHER-EMITTED,0,5.28,,,0,0,0,0,0,0,,,,,17,0,68,0
"-193.5,475.5",-81.34,466.47,-73.10,462.60,99.0,3.94,no,,,0.00,1.52,1.91,1.91,0.00,1.00,SYM-NO-RAMP,0,5.63,,,0,1,1,0,0,0,,,Geyer Avenue,right,17,4,0,1
"-193.5,475.5",-94.72,558.53,-88.40,566.60,78.9,2.85,no,,,,,,,,,NEITHER-EMITTED,0,5.03,,,0,0,0,0,0,0,,,,,17,0,0,0
"-193.5,475.5",-306.10,484.37,-315.00,487.10,100.6,4.07,no,,,,,,,,,NEITHER-EMITTED,0,5.63,,,0,0,0,0,0,0,,,,,17,0,1,0
"-193.5,475.5",-291.52,392.16,-298.50,382.90,79.8,2.89,no,0.00,1.52,,,1.91,1.91,0.00,1.00,SYM-NO-RAMP,0,5.05,,,0,1,1,0,0,0,Geyer Avenue,right,,,17,1,4,1
"-918.0,512.5",-893.46,486.19,-886.30,479.50,89.4,3.33,no,,,,,,,,,NEITHER-EMITTED,0,5.31,,,0,0,0,0,0,0,,,,,17,6,6,0
"-757.0,369.5",-481.43,429.12,-474.40,435.10,93.5,3.57,no,0.00,1.52,,,1.91,1.91,0.00,1.00,SYM-NO-RAMP,0,5.38,,,0,1,1,0,0,0,Allen Avenue,left,,,17,43,4,1
"-757.0,369.5",-483.09,440.07,-474.40,435.10,83.9,3.87,no,,,0.00,1.52,1.91,1.91,0.00,1.00,SYM-NO-RAMP,0,6.48,,,0,1,0,0,0,0,,,Allen Avenue,left,17,4,1,1
"-757.0,369.5",-498.62,532.70,-492.40,542.50,83.5,3.20,no,0.08,1.52,,,1.98,1.98,0.00,1.00,SYM-WITH-RAMP,0,5.39,2.00,0.37,1,1,0,0,0,0,Russell Boulevard,left,,,17,1,2,1
"-757.0,369.5",-552.97,521.01,-556.60,528.30,142.0,4.50,no,0.08,1.52,0.08,1.52,1.98,1.98,0.00,1.00,SYM-WITH-RAMP,0,3.00,1.20,0.40,1,1,1,1,0,1,Russell Boulevard,left,Russell Boulevard,left,17,2,2,1
"-757.0,369.5",-680.78,497.27,-687.60,504.00,90.2,3.37,no,,,0.08,1.52,1.98,1.98,0.00,1.00,SYM-WITH-RAMP,0,5.29,2.00,0.38,1,1,1,0,0,1,,,Russell Boulevard,left,17,2,0,1
"-757.0,369.5",-666.79,409.67,-671.50,403.20,88.8,3.30,no,0.00,1.52,,,1.91,1.91,0.00,1.00,SYM-NO-RAMP,0,5.25,,,0,1,1,0,0,0,Allen Avenue,left,,,17,0,2,1
"-757.0,369.5",-665.04,398.76,-671.50,403.20,91.2,3.43,no,,,0.00,1.52,1.91,1.91,0.00,1.00,SYM-NO-RAMP,0,5.32,,,0,1,0,0,0,0,,,Allen Avenue,left,17,2,0,1
"-757.0,369.5",-651.41,313.72,-656.00,306.50,89.9,3.36,no,0.00,1.52,,,1.91,1.91,0.00,1.00,SYM-NO-RAMP,0,5.28,,,0,1,0,0,0,0,Geyer Avenue,left,,,17,0,3,1
"-757.0,369.5",-845.48,270.02,-852.40,275.40,89.8,3.35,no,0.00,1.52,0.00,1.52,1.91,1.91,0.00,1.00,SYM-NO-RAMP,0,5.28,,,0,1,0,0,0,0,California Avenue,left,Geyer Avenue,left,17,3,2,1
"-757.0,369.5",-857.28,268.13,-852.40,275.40,89.9,3.36,no,,,0.00,1.52,1.91,1.91,0.00,1.00,SYM-NO-RAMP,0,5.28,,,0,1,0,0,0,0,,,California Avenue,left,17,2,0,1
"-757.0,369.5",-949.31,253.16,-955.10,258.70,91.5,3.45,no,1.37,1.52,,,3.11,3.11,0.00,1.00,SYM-WITH-RAMP,1,5.33,2.00,0.38,1,1,0,0,0,0,Oregon Avenue,right,,,17,0,2,1
"-757.0,369.5",-959.17,251.45,-955.10,258.70,87.3,3.22,no,0.00,1.52,1.37,1.52,1.71,2.90,1.19,0.59,ASYM,1,5.21,,,1,1,1,0,0,0,Geyer Avenue,left,Oregon Avenue,right,17,2,2,1
"-757.0,369.5",-961.01,264.12,-955.10,258.70,91.5,3.45,no,,,0.00,1.52,1.91,1.91,0.00,1.00,SYM-NO-RAMP,0,5.32,,,0,1,1,0,0,0,,,Geyer Avenue,left,17,2,43,1
"-150.5,408.0",111.79,513.05,121.20,526.00,55.7,2.19,no,,,,,,,,,NEITHER-EMITTED,0,5.85,,,0,0,0,0,0,0,,,,,17,27,0,0
"-150.5,408.0",-68.19,449.10,-78.00,452.40,100.2,4.04,no,2.31,1.52,,,3.63,3.63,0.00,1.00,SYM-WITH-RAMP,1,5.61,2.00,0.36,1,1,1,0,0,0,Waverly Place,right,,,17,0,10,1
"-150.5,408.0",-288.05,371.03,-297.10,374.60,99.9,4.01,no,3.15,2.35,2.31,1.52,3.61,2.64,0.98,0.73,SYM-WITH-RAMP,1,5.63,2.00,0.36,1,1,1,1,0,0,Missouri Avenue,right,Waverly Place,right,17,10,4,1
"-150.5,408.0",-304.58,366.93,-297.10,374.60,81.9,2.98,no,,,3.15,2.35,2.68,2.68,0.00,1.00,SYM-WITH-RAMP,1,5.08,2.00,0.39,1,1,1,0,0,0,,,Missouri Avenue,right,17,4,27,1
"-778.0,437.0",-863.09,378.49,-868.10,372.10,90.3,3.38,no,,,,,,,,,NEITHER-EMITTED,0,5.29,,,0,0,0,0,0,0,,,,,17,1,0,0
"-778.0,437.0",-677.98,407.77,-671.50,403.20,89.9,3.36,no,,,,,,,,,NEITHER-EMITTED,0,5.28,,,0,0,0,0,0,0,,,,,17,0,0,0
"-778.0,437.0",-691.98,495.45,-687.60,504.00,90.0,3.36,no,,,,,,,,,NEITHER-EMITTED,0,5.28,,,0,0,0,0,0,0,,,,,17,0,0,0
"-778.0,437.0",-878.05,465.68,-885.10,472.40,90.9,3.41,no,,,,,,,,,NEITHER-EMITTED,0,5.25,,,0,0,0,0,0,0,,,,,17,0,1,0
"-385.5,403.5",-322.54,478.65,-315.00,487.10,79.7,2.88,no,,,0.00,1.52,1.91,1.91,0.00,1.00,SYM-NO-RAMP,0,5.04,,,0,1,0,0,0,0,,,Geyer Avenue,right,17,9,1,1
"-385.5,403.5",-464.62,430.69,-474.40,435.10,89.5,3.33,no,,,,,,,,,NEITHER-EMITTED,0,5.27,,,0,0,0,0,0,0,,,,,17,1,0,0
"-385.5,403.5",-456.57,366.56,-465.30,362.50,144.3,4.50,no,0.00,1.52,,,1.91,1.91,0.00,1.00,SYM-NO-RAMP,0,2.81,,,0,1,0,0,0,0,South Jefferson Avenue,right,,,17,0,4,1
"-385.5,403.5",-441.07,328.02,-449.00,319.20,88.7,3.29,no,0.00,1.52,0.00,1.52,1.91,1.91,0.00,1.00,SYM-NO-RAMP,0,3.96,,,0,1,1,0,0,1,Geyer Avenue,right,South Jefferson Avenue,right,17,4,9,1
"-917.0,365.0",-889.85,463.80,-885.10,472.40,89.2,3.32,no,1.37,1.52,0.00,1.52,2.99,1.75,1.23,0.59,ASYM,1,5.32,,,1,1,1,0,0,0,Oregon Avenue,left,California Avenue,right,17,2,4,1
"-917.0,365.0",-951.16,265.82,-955.10,258.70,89.7,3.35,no,,,1.37,1.52,3.01,3.01,0.00,1.00,SYM-WITH-RAMP,1,5.27,2.00,0.38,1,1,1,0,0,0,,,Oregon Avenue,left,17,4,0,1
"-917.0,365.0",-859.32,280.76,-852.40,275.40,90.0,3.36,no,0.00,1.52,,,1.91,1.91,0.00,1.00,SYM-WITH-RAMP,0,5.28,2.00,0.38,1,1,1,0,0,0,California Avenue,right,,,17,0,2,1
"-762.0,340.0",-662.62,311.93,-656.00,306.50,89.9,3.36,no,,,,,,,,,NEITHER-EMITTED,0,5.28,,,0,0,0,0,0,0,,,,,17,0,0,0
"-762.0,340.0",-676.23,396.86,-671.50,403.20,90.1,3.37,no,,,,,,,,,NEITHER-EMITTED,0,5.29,,,0,0,0,0,0,0,,,,,17,0,0,0
"-762.0,340.0",-861.31,367.58,-868.10,372.10,89.8,3.35,no,,,,,,,,,NEITHER-EMITTED,0,5.28,,,0,0,0,0,0,0,,,,,17,0,0,0
"-762.0,340.0",-847.52,282.65,-852.40,275.40,90.2,3.38,no,,,,,,,,,NEITHER-EMITTED,0,5.29,,,0,0,0,0,0,0,,,,,17,0,0,0
"259.0,313.0",251.08,246.43,245.60,238.60,89.6,3.34,no,1.07,1.68,,,3.01,3.01,0.00,1.00,SYM-WITH-RAMP,1,5.27,2.00,0.38,1,1,1,0,0,0,Lafayette Avenue,right,,,17,26,2,1
"259.0,313.0",365.43,265.72,368.40,259.50,101.0,4.50,no,,,1.07,1.68,3.12,3.12,0.00,1.00,SYM-WITH-RAMP,0,6.21,2.00,0.32,1,1,1,0,0,0,,,Lafayette Avenue,right,17,2,19,1
"259.0,313.0",178.12,234.47,166.50,221.90,48.1,3.69,no,,,,,,,,,NEITHER-EMITTED,0,10.98,,,0,0,0,0,0,0,,,,,17,19,26,0
"-132.0,265.0",-270.78,160.59,-260.90,154.20,90.1,4.50,no,,,3.76,1.52,4.05,4.05,0.00,1.00,SYM-WITH-RAMP,1,7.06,2.00,0.28,1,1,1,0,0,1,,,Lafayette Avenue,right,17,4,27,1
"-132.0,265.0",-253.88,163.34,-260.90,154.20,90.0,4.50,no,,,,,,,,,NEITHER-EMITTED,0,7.07,,,0,0,0,0,0,0,,,,,17,27,1,0
"-132.0,265.0",-153.49,179.37,-147.00,172.40,89.8,3.35,no,0.00,1.52,,,1.91,1.91,0.00,1.00,SYM-NO-RAMP,0,5.28,,,0,1,1,0,0,0,Simpson Place,right,,,17,1,25,1
"-132.0,265.0",-143.02,181.03,-147.00,172.40,90.2,3.37,no,,,0.00,1.52,1.91,1.91,0.00,1.00,SYM-NO-RAMP,0,5.29,,,0,1,1,0,0,0,,,Simpson Place,right,17,25,0,1
"-132.0,265.0",-53.20,195.21,-42.50,188.90,89.7,4.50,no,2.31,1.52,,,4.05,4.05,0.00,1.00,SYM-WITH-RAMP,1,7.09,2.00,0.28,1,1,1,0,0,0,Waverly Place,right,,,17,0,6,1
"-132.0,265.0",-17.15,200.88,-25.30,191.60,90.3,4.50,no,,,2.31,1.52,4.05,4.05,0.00,1.00,SYM-WITH-RAMP,1,7.05,2.00,0.28,1,1,1,0,0,0,,,Waverly Place,right,17,6,0,1
"-132.0,265.0",70.57,214.70,76.90,207.70,90.2,4.50,no,0.87,1.52,,,2.77,2.77,0.00,1.00,SYM-WITH-RAMP,0,7.05,2.00,0.28,1,1,1,0,0,0,Nicholson Place,right,,,17,0,25,1
"-132.0,265.0",80.82,216.32,76.90,207.70,89.8,3.35,no,,,0.87,1.52,2.77,2.77,0.00,1.00,SYM-WITH-RAMP,0,5.28,2.00,0.38,1,1,0,0,0,0,,,Nicholson Place,right,17,25,0,1
"-132.0,265.0",156.51,228.31,166.50,221.90,114.3,4.50,no,,,,,,,,,NEITHER-EMITTED,0,5.16,,,0,0,0,0,0,0,,,,,17,0,26,0
"-132.0,265.0",-418.88,143.49,-426.40,134.10,90.6,3.40,no,3.76,1.52,,,3.06,3.06,0.00,1.00,SYM-WITH-RAMP,1,5.30,2.00,0.38,1,1,1,0,0,0,Lafayette Avenue,right,,,17,26,4,1
"-342.5,293.0",-438.97,314.72,-449.00,319.20,90.6,3.39,no,,,,,,,,,NEITHER-EMITTED,0,5.34,,,0,0,0,0,0,0,,,,,17,26,26,0
"696.5,166.0",719.52,299.36,719.80,310.10,109.0,4.50,no,,,0.00,1.52,1.91,1.91,0.00,1.00,SYM-NO-RAMP,0,5.58,,,0,1,1,0,0,1,,,Park Place,left,17,31,1,1
"696.5,166.0",553.39,271.91,549.70,282.00,90.0,4.50,no,,,,,,,,,NEITHER-EMITTED,0,7.06,,,0,0,0,0,0,0,,,,,17,1,0,0
"696.5,166.0",575.90,135.35,575.10,127.90,90.2,3.37,no,0.00,1.52,,,1.91,1.91,0.00,1.00,SYM-NO-RAMP,0,5.29,,,0,1,1,0,0,0,Park Place,left,,,17,0,31,1
"572.0,129.0",540.16,269.81,536.40,279.90,89.2,4.50,no,1.00,3.69,1.00,3.69,4.05,4.05,0.00,1.00,SYM-WITH-RAMP,1,7.13,2.00,0.28,1,1,1,1,0,1,Park Avenue,right,Park Avenue,right,17,14,14,1
"382.0,115.0",590.60,-15.94,595.20,-20.70,95.5,4.50,no,2.13,1.52,1.00,3.69,3.23,4.05,0.82,0.80,SYM-WITH-RAMP,1,6.64,2.00,0.30,1,1,1,1,0,1,Truman Parkway,right,Park Avenue,right,17,3,5,1
"382.0,115.0",536.21,269.21,536.40,279.90,91.7,4.50,no,3.56,4.21,2.13,1.52,4.05,2.10,1.95,0.52,ASYM,1,6.93,,,1,1,1,0,0,0,Lafayette Avenue,left,Truman Parkway,right,17,5,12,1
"382.0,115.0",174.51,213.76,166.50,221.90,95.1,4.50,no,4.39,1.52,3.56,4.21,3.17,4.05,0.88,0.78,SYM-WITH-RAMP,1,6.45,2.00,0.31,1,1,1,1,0,0,South 18th Street,right,Lafayette Avenue,left,17,12,30,1
"382.0,115.0",395.31,106.25,394.50,98.80,90.0,3.36,no,,,4.39,1.52,3.02,3.02,0.00,1.00,SYM-WITH-RAMP,1,5.28,2.00,0.38,1,1,1,0,0,0,,,South 18th Street,right,17,30,0,1
"382.0,115.0",488.74,121.56,495.80,115.40,90.2,3.37,no,1.38,1.52,,,3.04,3.04,0.00,1.00,SYM-WITH-RAMP,1,5.29,2.00,0.38,1,1,1,0,0,0,Dolman Street,left,,,17,0,30,1
"382.0,115.0",499.59,123.33,495.80,115.40,89.9,3.36,no,0.00,1.52,1.38,1.52,1.77,3.02,1.25,0.59,ASYM,1,5.28,,,1,1,1,0,0,0,Carroll Street,right,Dolman Street,left,17,30,2,1
"382.0,115.0",501.87,109.07,495.80,115.40,90.2,3.37,no,,,0.00,1.52,1.91,1.91,0.00,1.00,SYM-NO-RAMP,0,5.29,,,0,1,0,0,0,0,,,Carroll Street,right,17,2,1,1
"382.0,115.0",525.85,-40.32,521.90,-48.30,77.1,4.50,no,1.00,3.69,,,4.05,4.05,0.00,1.00,SYM-WITH-RAMP,1,8.08,2.00,0.25,1,1,0,0,0,0,Park Avenue,right,,,17,1,3,1
"2.5,0.0",212.86,-150.91,229.00,-158.90,70.4,4.50,no,2.91,3.22,3.19,1.73,4.05,3.33,0.72,0.82,SYM-WITH-RAMP,1,9.42,2.00,0.21,1,1,0,1,0,0,Mississippi Avenue,right,Park Avenue,left,17,2,2,1
"2.5,0.0",153.34,209.13,166.50,221.90,66.1,4.50,no,3.56,4.21,2.91,3.22,4.05,3.28,0.77,0.81,SYM-WITH-RAMP,1,10.22,2.00,0.20,1,1,1,1,0,0,Lafayette Avenue,left,Mississippi Avenue,right,17,2,4,1
"2.5,0.0",-207.10,152.20,-217.10,161.30,89.6,4.50,no,3.02,2.26,3.56,4.21,2.88,4.05,1.17,0.71,ASYM,1,7.09,,,1,1,0,0,0,0,Missouri Avenue,left,Lafayette Avenue,left,17,4,2,1
"2.5,0.0",-147.46,-209.06,-154.00,-220.90,90.3,4.50,no,3.19,1.73,3.02,2.26,3.80,4.05,0.25,0.94,SYM-WITH-RAMP,1,7.05,2.00,0.28,1,1,0,1,0,0,Park Avenue,left,Missouri Avenue,left,17,2,2,1
"-735.5,130.0",-916.98,67.10,-920.60,58.50,90.2,4.50,no,,,1.37,1.52,3.28,3.28,0.00,1.00,SYM-WITH-RAMP,0,7.05,2.00,0.28,1,1,0,0,0,0,,,Oregon Place,left,17,2,0,1
"-735.5,130.0",-829.07,81.57,-822.00,74.70,90.6,3.40,no,0.00,1.52,,,1.91,1.91,0.00,1.00,SYM-NO-RAMP,0,5.30,,,0,1,0,0,0,0,California Avenue,left,,,17,0,2,1
"-735.5,130.0",-817.27,83.43,-822.00,74.70,89.7,3.35,no,,,0.00,1.52,1.91,1.91,0.00,1.00,SYM-NO-RAMP,0,5.27,,,0,1,1,0,0,0,,,California Avenue,left,17,2,0,1
"-735.5,130.0",-735.73,96.11,-727.50,89.40,89.8,3.35,no,0.00,1.52,,,1.91,1.91,0.00,1.00,SYM-NO-RAMP,0,5.28,,,0,1,1,0,0,0,Iowa Avenue,right,,,17,0,2,1
"-735.5,130.0",-721.75,98.29,-727.50,89.40,90.2,3.37,no,,,0.00,1.52,1.91,1.91,0.00,1.00,SYM-NO-RAMP,0,5.29,,,0,1,1,0,0,0,,,Iowa Avenue,right,17,2,0,1
"-735.5,130.0",-630.16,112.53,-623.30,105.60,89.7,3.35,no,0.00,1.52,,,1.91,1.91,0.00,1.00,SYM-NO-RAMP,0,5.27,,,0,1,1,0,0,0,Ohio Avenue,left,,,17,0,4,1
"-735.5,130.0",-618.94,114.28,-623.30,105.60,90.2,3.38,no,3.76,1.52,0.00,1.52,3.04,1.15,1.89,0.38,ASYM,1,5.29,,,1,1,0,0,0,0,Lafayette Avenue,right,Ohio Avenue,left,17,4,2,1
"-735.5,130.0",-435.72,141.71,-426.40,134.10,80.9,4.50,no,,,3.76,1.52,4.05,4.05,0.00,1.00,SYM-WITH-RAMP,1,7.78,2.00,0.26,1,1,1,0,0,0,,,Lafayette Avenue,right,17,2,23,1
"-735.5,130.0",-1015.56,50.96,-1020.20,42.20,90.3,3.38,no,,,,,,,,,NEITHER-EMITTED,0,5.29,,,0,0,0,0,0,0,,,,,17,23,0,0
"-735.5,130.0",-926.85,65.48,-920.60,58.50,89.7,4.50,no,1.37,1.52,,,3.28,3.28,0.00,1.00,SYM-WITH-RAMP,0,7.09,2.00,0.28,1,1,0,0,0,0,Oregon Place,left,,,17,0,2,1
"-1045.5,106.0",-1027.48,49.01,-1020.20,42.20,89.7,3.35,no,0.00,1.52,0.00,1.52,1.91,1.91,0.00,1.00,SYM-NO-RAMP,0,5.27,,,0,1,1,0,0,0,Nebraska Avenue,right,Nebraska Avenue,right,17,10,10,1
"-297.0,21.5",-188.77,-73.15,-177.50,-78.70,90.0,4.49,no,,,1.03,1.00,2.41,2.41,0.00,1.00,SYM-WITH-RAMP,0,7.05,2.00,0.28,1,1,0,0,0,0,,,Albion Place,right,17,12,0,1
"-297.0,21.5",-203.61,16.58,-194.60,24.70,90.1,4.50,no,1.33,1.25,,,2.96,2.96,0.00,1.00,SYM-WITH-RAMP,0,7.06,2.00,0.28,1,1,0,0,0,0,Whittemore Place,left,,,17,0,25,1
"-297.0,21.5",-202.21,30.09,-194.60,24.70,90.0,4.50,no,,,1.33,1.25,2.96,2.96,0.00,1.00,SYM-WITH-RAMP,0,7.07,2.00,0.28,1,1,1,0,0,0,,,Whittemore Place,left,17,25,0,1
"-297.0,21.5",-221.93,149.82,-217.10,161.30,90.1,4.50,no,3.56,4.21,,,4.05,4.05,0.00,1.00,SYM-WITH-RAMP,1,7.06,2.00,0.28,1,1,1,0,0,0,Lafayette Avenue,left,,,17,0,5,1
"-297.0,21.5",-406.55,119.62,-426.40,134.10,39.0,1.91,no,1.03,1.00,3.56,4.21,0.73,1.72,0.99,0.43,ASYM,1,6.70,,,1,1,1,0,0,0,Albion Place,right,Lafayette Avenue,left,17,5,12,1
"306.0,-2.0",331.16,-112.52,340.00,-120.60,90.5,3.39,no,0.00,1.52,3.19,1.73,1.21,3.05,1.84,0.40,ASYM,1,5.30,,,1,1,1,0,0,0,Vail Place,left,Park Avenue,left,17,3,31,1
"306.0,-2.0",341.61,-108.64,340.00,-120.60,89.5,3.33,no,4.39,1.52,0.00,1.52,3.00,1.06,1.94,0.35,ASYM,1,5.27,,,1,1,1,0,0,0,South 18th Street,right,Vail Place,left,17,31,4,1
"306.0,-2.0",385.23,143.25,386.30,149.10,90.1,3.37,no,,,4.39,1.52,3.03,3.03,0.00,1.00,SYM-WITH-RAMP,1,5.29,2.00,0.38,1,1,0,0,0,0,,,South 18th Street,right,17,4,0,1
"306.0,-2.0",190.22,111.89,179.90,115.90,89.8,3.35,no,,,,,,,,,NEITHER-EMITTED,0,5.28,,,0,0,0,0,0,0,,,,,17,0,1,0
"306.0,-2.0",233.63,-147.22,229.00,-158.90,109.2,4.50,no,3.19,1.73,,,4.05,4.05,0.00,1.00,SYM-WITH-RAMP,1,5.43,2.00,0.37,1,1,1,0,0,1,Park Avenue,left,,,17,1,3,1
"641.5,65.0",704.54,27.03,713.10,23.70,101.1,4.11,no,,,,,,,,,NEITHER-EMITTED,0,5.65,,,0,0,0,0,0,0,,,,,17,1,0,0
"641.5,65.0",686.90,138.60,693.60,147.00,89.8,3.35,no,,,,,,,,,NEITHER-EMITTED,0,5.28,,,0,0,0,0,0,0,,,,,17,0,0,0
"641.5,65.0",578.23,121.09,575.10,127.90,90.0,3.36,no,2.13,1.52,,,3.03,3.03,0.00,1.00,SYM-WITH-RAMP,1,5.28,2.00,0.38,1,1,1,0,0,1,Truman Parkway,right,,,17,0,2,1
"641.5,65.0",607.37,-9.65,607.00,-16.30,83.1,4.50,no,,,2.13,1.52,4.03,4.03,0.00,1.00,SYM-WITH-RAMP,0,7.61,2.00,0.26,1,1,1,0,0,0,,,Truman Parkway,right,17,2,1,1
"821.5,94.5",843.47,123.76,846.20,129.10,96.9,3.79,no,0.00,1.52,0.00,1.52,1.91,1.91,0.00,1.00,SYM-NO-RAMP,0,5.65,,,0,1,1,0,0,0,Park Place,left,South 14th Street,right,17,3,6,1
"821.5,94.5",781.93,103.83,777.40,103.70,98.3,3.89,no,0.00,1.52,0.00,1.52,1.91,1.91,0.00,1.00,SYM-NO-RAMP,0,5.96,,,0,1,1,0,0,0,Park Place,left,Park Place,left,17,6,6,1
"821.5,94.5",779.14,88.05,774.90,89.60,99.1,3.95,no,,,0.00,1.52,1.91,1.91,0.00,1.00,SYM-NO-RAMP,0,5.58,,,0,1,0,0,0,0,,,Park Place,left,17,6,0,1
"821.5,94.5",787.32,65.58,788.70,51.70,89.6,3.34,no,0.00,1.52,,,1.91,1.91,0.00,1.00,SYM-NO-RAMP,0,5.27,,,0,1,0,0,0,0,South 14th Street,right,,,17,0,3,1
"-592.5,-79.0",-369.32,-246.06,-355.00,-253.90,52.0,2.12,no,0.00,1.52,1.00,3.69,0.88,1.91,1.03,0.46,ASYM,1,5.45,,,1,1,1,0,0,0,South Jefferson Avenue,right,Park Avenue,right,17,5,8,1
"-592.5,-79.0",-437.80,122.95,-426.40,134.10,77.5,2.80,no,,,0.00,1.52,1.91,1.91,0.00,1.00,SYM-NO-RAMP,0,4.86,,,0,1,1,0,0,0,,,South Jefferson Avenue,right,17,8,1,1
"-592.5,-79.0",-615.92,96.07,-623.30,105.60,89.2,3.32,no,,,,,,,,,NEITHER-EMITTED,0,5.26,,,0,0,0,0,0,0,,,,,17,1,8,0
"-592.5,-79.0",-627.14,94.32,-623.30,105.60,90.8,3.41,no,,,,,,,,,NEITHER-EMITTED,0,5.30,,,0,0,0,0,0,0,,,,,17,8,1,0
"-592.5,-79.0",-814.39,65.20,-822.00,74.70,89.5,3.34,no,0.00,1.52,,,1.91,1.91,0.00,1.00,SYM-NO-RAMP,0,5.27,,,0,1,1,0,0,0,California Avenue,left,,,17,1,2,1
"-592.5,-79.0",-768.00,-217.95,-772.90,-225.00,90.1,3.37,no,,,0.00,1.52,1.91,1.91,0.00,1.00,SYM-NO-RAMP,0,5.28,,,0,1,1,0,0,0,,,California Avenue,left,17,2,17,1
"-592.5,-79.0",-423.53,-160.18,-416.40,-164.20,87.1,3.21,no,0.00,1.52,,,1.91,1.91,0.00,1.00,SYM-NO-RAMP,0,5.86,,,0,1,1,0,0,0,Saint Vincent Avenue,left,,,17,17,20,1
"-592.5,-79.0",-568.48,-197.36,-575.20,-192.30,89.6,3.34,no,,,0.00,1.52,1.91,1.91,0.00,1.00,SYM-NO-RAMP,0,5.27,,,0,1,1,0,0,0,,,Saint Vincent Avenue,left,17,20,1,1
"-592.5,-79.0",-553.86,-281.54,-558.50,-288.50,89.3,3.32,no,1.00,3.69,,,2.99,2.99,0.00,1.00,SYM-WITH-RAMP,1,5.26,2.00,0.38,1,1,1,0,0,0,Park Avenue,right,,,17,1,5,1
"456.5,15.0",515.29,-44.22,521.90,-48.30,101.8,4.17,no,0.00,1.52,1.00,3.69,1.47,3.75,2.27,0.39,ASYM,1,5.68,,,1,1,1,0,0,1,Dolman Street,right,Park Avenue,right,17,2,2,1
"456.5,15.0",491.02,107.30,495.80,115.40,89.8,3.35,no,,,0.00,1.52,1.91,1.91,0.00,1.00,SYM-NO-RAMP,0,5.28,,,0,1,0,0,0,0,,,Dolman Street,right,17,2,0,1
"456.5,15.0",397.61,91.99,394.50,98.80,90.2,3.38,no,,,,,,,,,NEITHER-EMITTED,0,5.29,,,0,0,0,0,0,0,,,,,17,0,0,0
"456.5,15.0",425.06,-80.16,424.40,-88.70,58.4,4.09,no,1.00,3.69,,,3.68,3.68,0.00,1.00,SYM-WITH-RAMP,1,8.69,2.00,0.23,1,1,1,0,0,0,Park Avenue,right,,,17,0,2,1
"-888.0,-141.5",-763.62,-315.18,-756.70,-320.20,89.6,3.34,no,,,1.00,3.69,3.01,3.01,0.00,1.00,SYM-WITH-RAMP,1,5.27,2.00,0.38,1,1,0,0,0,0,,,Park Avenue,right,17,2,0,1
"-888.0,-141.5",-777.78,-231.96,-772.90,-225.00,91.2,3.43,no,0.00,1.52,,,1.91,1.91,0.00,1.00,SYM-NO-RAMP,0,5.32,,,0,1,1,0,0,0,Saint Vincent Avenue,left,,,17,0,12,1
"-888.0,-141.5",-779.81,-219.78,-772.90,-225.00,89.1,3.32,no,,,0.00,1.52,1.91,1.91,0.00,1.00,SYM-NO-RAMP,0,5.26,,,0,1,0,0,0,0,,,Saint Vincent Avenue,left,17,12,0,1
"-888.0,-141.5",-794.09,-132.39,-789.00,-126.50,89.8,3.36,no,0.84,1.52,,,2.75,2.75,0.00,1.00,SYM-WITH-RAMP,0,5.28,2.00,0.38,1,1,0,0,0,0,Eads Avenue,right,,,17,0,4,1
"-888.0,-141.5",-795.70,-122.57,-789.00,-126.50,90.1,3.37,no,,,0.84,1.52,2.75,2.75,0.00,1.00,SYM-WITH-RAMP,0,5.29,2.00,0.38,1,1,1,0,0,0,,,Eads Avenue,right,17,4,0,1
"-888.0,-141.5",-810.29,-33.64,-805.60,-25.30,90.5,3.39,no,0.00,1.52,,,1.91,1.91,0.00,1.00,SYM-NO-RAMP,0,5.30,,,0,1,0,0,0,0,Henrietta Street,right,,,17,0,2,1
"-888.0,-141.5",-812.72,-18.79,-805.60,-25.30,89.5,3.34,no,,,0.00,1.52,1.91,1.91,0.00,1.00,SYM-NO-RAMP,0,5.27,,,0,1,0,0,0,0,,,Henrietta Street,right,17,2,0,1
"-888.0,-141.5",-826.19,63.34,-822.00,74.70,90.2,3.38,no,,,,,,,,,NEITHER-EMITTED,0,5.29,,,0,0,0,0,0,0,,,,,17,0,1,0
"-888.0,-141.5",-1012.54,32.76,-1020.20,42.20,90.0,3.37,no,0.00,1.52,,,1.91,1.91,0.00,1.00,SYM-NO-RAMP,0,5.28,,,0,1,1,0,0,0,Nebraska Avenue,left,,,17,1,4,1
"-888.0,-141.5",-949.78,-347.76,-954.30,-357.50,68.2,2.50,no,1.00,3.69,0.00,1.52,2.25,0.99,1.26,0.44,ASYM,1,4.89,,,1,1,1,0,0,1,Park Avenue,right,Nebraska Avenue,left,17,4,2,1
"-1038.5,-14.0",-1024.46,30.80,-1020.20,42.20,90.0,3.36,no,,,,,,,,,NEITHER-EMITTED,0,5.28,,,0,0,0,0,0,0,,,,,17,1,5,0
"-1038.5,-14.0",-1011.87,-49.76,-1004.80,-56.20,91.1,3.43,no,,,,,,,,,NEITHER-EMITTED,0,5.31,,,0,0,0,0,0,0,,,,,17,5,1,0
"684.5,-98.0",717.53,-34.64,725.60,-29.10,90.9,4.50,no,1.37,1.52,1.37,1.52,3.28,3.28,0.00,1.00,SYM-WITH-RAMP,0,6.99,2.00,0.29,1,1,0,1,0,0,Rutger Lane,left,Dillon Drive,right,17,2,2,1
"684.5,-98.0",715.81,-28.17,725.60,-29.10,90.0,4.50,no,,,1.37,1.52,3.28,3.28,0.00,1.00,SYM-WITH-RAMP,0,7.07,2.00,0.28,1,1,1,0,0,0,,,Rutger Lane,left,17,2,0,1
"684.5,-98.0",707.54,3.85,714.70,13.10,83.3,4.50,no,,,,,,,,,NEITHER-EMITTED,0,7.62,,,0,0,0,0,0,0,,,,,17,0,0,0
"684.5,-98.0",613.18,-31.57,609.70,-26.40,95.3,4.50,no,,,,,,,,,NEITHER-EMITTED,0,6.65,,,0,0,0,0,0,0,,,,,17,0,0,0
"684.5,-98.0",622.86,-67.14,621.00,-67.90,165.9,4.50,no,7.03,1.52,,,4.05,4.05,0.00,1.00,SYM-WITH-RAMP,1,1.11,0.44,0.40,1,1,0,0,0,0,Grattan Street,right,,,17,0,2,1
"684.5,-98.0",668.71,-198.86,668.40,-205.40,90.6,4.50,no,,,7.03,1.52,4.05,4.05,0.00,1.00,SYM-WITH-RAMP,1,7.02,2.00,0.28,1,1,1,0,0,0,,,Grattan Street,right,17,2,0,1
"684.5,-98.0",755.67,-176.43,766.10,-180.20,90.9,4.50,no,1.37,1.52,,,3.28,3.28,0.00,1.00,SYM-WITH-RAMP,0,7.00,2.00,0.29,1,1,1,0,0,1,Dillon Drive,right,,,17,0,2,1
"653.5,-236.0",695.38,-439.89,690.90,-449.90,60.9,3.02,no,12.78,1.52,12.78,1.52,2.72,2.72,0.00,1.00,SYM-WITH-RAMP,1,6.60,2.00,0.30,1,1,1,1,0,0,Truman Parkway,left,Truman Parkway,left,17,23,23,1
"611.0,-247.0",597.70,-37.61,598.00,-31.00,84.1,4.50,no,,,2.13,1.52,4.03,4.03,0.00,1.00,SYM-WITH-RAMP,0,7.53,2.00,0.27,0,0,0,0,0,0,,,Truman Parkway,right,17,11,1,0
"611.0,-247.0",528.50,-60.24,522.80,-55.60,98.5,4.50,no,1.38,1.52,,,3.28,3.28,0.00,1.00,SYM-WITH-RAMP,0,6.40,2.00,0.31,1,1,1,0,0,0,Dolman Street,left,,,17,1,2,1
"611.0,-247.0",579.86,-254.29,576.60,-261.40,87.5,3.23,no,0.00,1.52,1.38,1.52,1.71,2.91,1.20,0.59,ASYM,1,5.22,,,1,1,1,0,0,0,Hickory Street,right,Dolman Street,left,17,2,2,1
"611.0,-247.0",582.89,-265.47,576.60,-261.40,92.4,3.50,no,1.38,1.52,0.00,1.52,3.15,1.84,1.31,0.58,ASYM,1,5.35,,,1,1,1,0,0,1,Dolman Street,left,Hickory Street,right,17,2,9,1
"611.0,-247.0",634.34,-455.59,631.70,-465.20,90.1,4.41,no,2.13,1.52,1.38,1.52,3.97,3.23,0.74,0.81,SYM-WITH-RAMP,1,6.91,2.00,0.29,1,1,1,1,0,0,Truman Parkway,right,Dolman Street,left,17,9,11,1
"499.0,-175.0",517.85,-63.47,522.80,-55.60,80.9,2.93,no,1.00,3.69,,,2.64,2.64,0.00,1.00,SYM-WITH-RAMP,1,5.07,2.00,0.39,1,1,0,0,0,0,Park Avenue,right,,,17,1,4,1
"499.0,-175.0",427.95,-94.20,424.40,-88.70,85.8,4.50,no,1.25,1.52,1.00,3.69,2.55,4.05,1.50,0.63,ASYM,1,7.40,,,1,1,1,0,0,1,South 18th Street,left,Park Avenue,right,17,4,2,1
"499.0,-175.0",479.49,-286.08,479.00,-292.30,86.6,3.19,no,,,1.25,1.52,2.87,2.87,0.00,1.00,SYM-WITH-RAMP,1,5.20,2.00,0.38,1,1,0,0,0,0,,,South 18th Street,left,17,2,0,1
"499.0,-175.0",569.36,-257.62,576.60,-261.40,92.4,3.50,no,,,,,,,,,NEITHER-EMITTED,0,5.35,,,0,0,0,0,0,0,,,,,17,0,1,0
"-1029.0,-114.5",-994.21,-154.03,-987.40,-158.00,89.2,3.32,no,,,,,,,,,NEITHER-EMITTED,0,5.26,,,0,0,0,0,0,0,,,,,17,5,0,0
"-1029.0,-114.5",-1009.49,-64.62,-1004.80,-56.20,90.1,3.37,no,,,,,,,,,NEITHER-EMITTED,0,5.29,,,0,0,0,0,0,0,,,,,17,0,5,0
"-264.5,-164.5",-162.29,-211.36,-154.00,-220.90,89.1,4.50,no,,,3.19,1.73,4.05,4.05,0.00,1.00,SYM-WITH-RAMP,1,7.14,2.00,0.28,1,1,1,0,0,0,,,Park Avenue,left,17,2,0,1
"-264.5,-164.5",-182.85,-87.01,-177.50,-78.70,90.0,4.42,no,1.00,1.00,,,2.38,2.38,0.00,1.00,SYM-WITH-RAMP,0,6.93,2.00,0.29,1,1,1,0,0,0,Albion Place,left,,,17,0,11,1
"-264.5,-164.5",-346.48,-241.67,-355.00,-253.90,83.5,3.04,no,3.19,1.73,1.00,1.00,2.74,1.34,1.40,0.49,ASYM,1,5.12,,,1,1,1,0,0,0,Park Avenue,left,Albion Place,left,17,11,2,1
"342.5,-154.0",425.51,-100.48,424.40,-88.70,83.5,4.50,no,1.73,2.87,,,4.05,4.05,0.00,1.00,SYM-WITH-RAMP,1,7.57,2.00,0.26,1,1,1,0,0,0,Park Avenue,right,,,17,2,3,1
"342.5,-154.0",244.56,-167.46,229.00,-158.90,67.8,4.50,no,,,1.73,2.87,4.05,4.05,0.00,1.00,SYM-WITH-RAMP,1,9.84,2.00,0.20,1,1,1,0,0,0,,,Park Avenue,right,17,3,2,1
"353.5,-202.0",268.12,-253.69,259.60,-258.70,87.3,3.22,no,,,,,,,,,NEITHER-EMITTED,0,5.21,,,0,0,0,0,0,0,,,,,17,2,0,0
"353.5,-202.0",451.12,-195.49,453.60,-197.00,92.6,3.51,no,,,,,,,,,NEITHER-EMITTED,0,5.36,,,0,0,0,0,0,0,,,,,17,0,2,0
"-682.5,-180.5",-680.47,-203.73,-686.10,-210.90,89.9,3.36,no,,,0.00,1.52,1.91,1.91,0.00,1.00,SYM-NO-RAMP,0,5.28,,,0,1,1,0,0,0,,,St. Vincent Court,left,17,6,0,1
"-682.5,-180.5",-678.87,-203.47,-671.30,-208.50,90.3,3.38,no,0.00,1.52,,,1.91,1.91,0.00,1.00,SYM-NO-RAMP,0,5.29,,,0,1,1,0,0,0,St. Vincent Court,left,,,17,0,6,1
"-1015.5,-212.5",-977.88,-251.58,-970.90,-256.70,89.8,3.35,no,,,,,,,,,NEITHER-EMITTED,0,5.28,,,0,0,0,0,0,0,,,,,17,5,0,0
"-1015.5,-212.5",-992.55,-163.85,-987.40,-158.00,90.6,3.39,no,,,,,,,,,NEITHER-EMITTED,0,5.30,,,0,0,0,0,0,0,,,,,17,0,5,0
"117.5,-299.0",249.33,-264.27,259.60,-258.70,86.9,3.20,no,0.00,1.52,,,1.91,1.91,0.00,1.00,SYM-NO-RAMP,0,5.20,,,0,1,1,0,0,0,Rutger Street,left,,,17,1,2,1
"117.5,-299.0",248.22,-260.02,259.60,-258.70,92.7,3.52,no,,,0.00,1.52,1.91,1.91,0.00,1.00,SYM-NO-RAMP,0,5.36,,,0,1,1,0,0,0,,,Rutger Street,left,17,2,6,1
"117.5,-299.0",223.46,-171.41,229.00,-158.90,112.6,4.50,no,,,,,,,,,NEITHER-EMITTED,0,5.16,,,0,0,0,0,0,0,,,,,17,6,1,0
"117.5,-299.0",50.36,-199.62,46.10,-188.80,89.3,4.50,no,1.37,1.52,,,3.28,3.28,0.00,1.00,SYM-WITH-RAMP,0,6.86,2.00,0.29,1,1,0,0,0,0,Benton Place,left,,,17,1,29,1
"117.5,-299.0",56.58,-233.94,58.70,-234.00,140.3,4.50,no,,,1.37,1.52,3.28,3.28,0.00,1.00,SYM-WITH-RAMP,0,3.12,1.25,0.40,1,1,1,0,0,0,,,Benton Place,left,17,29,1,1
"117.5,-299.0",46.38,-200.26,46.10,-188.80,90.8,4.50,no,,,,,,,,,NEITHER-EMITTED,0,7.24,,,0,0,0,0,0,0,,,,,17,1,0,0
"117.5,-299.0",-37.84,-213.77,-48.00,-203.90,80.8,2.93,no,0.00,1.52,,,1.91,1.91,0.00,1.00,SYM-NO-RAMP,0,5.07,,,0,1,1,0,0,1,Mackay Place,right,,,17,0,4,1
"117.5,-299.0",33.72,-427.43,29.30,-434.90,90.7,3.40,no,,,0.00,1.52,1.91,1.91,0.00,1.00,SYM-NO-RAMP,0,5.30,,,0,1,0,0,0,0,,,Mackay Place,right,17,4,0,1
"117.5,-299.0",272.48,-351.74,284.80,-353.90,92.5,3.51,no,,,,,,,,,NEITHER-EMITTED,0,5.35,,,0,0,0,0,0,0,,,,,17,0,1,0
"730.5,-252.0",758.82,-188.53,766.10,-180.20,91.1,4.50,no,,,,,,,,,NEITHER-EMITTED,0,6.98,,,0,0,0,0,0,0,,,,,17,1,0,0
"730.5,-252.0",672.00,-210.93,668.40,-205.40,89.0,4.50,no,,,,,,,,,NEITHER-EMITTED,0,7.14,,,0,0,0,0,0,0,,,,,17,0,0,0
"730.5,-252.0",700.90,-315.58,700.30,-320.90,90.8,4.50,no,,,,,,,,,NEITHER-EMITTED,0,7.00,,,0,0,0,0,0,0,,,,,17,0,1,0
"-665.5,-256.5",-579.66,-199.32,-575.20,-192.30,90.9,3.42,no,0.00,1.52,,,1.91,1.91,0.00,1.00,SYM-NO-RAMP,0,5.31,,,0,1,1,0,0,0,Saint Vincent Avenue,left,,,17,1,3,1
"-665.5,-256.5",-765.97,-230.13,-772.90,-225.00,89.6,3.34,no,,,0.00,1.52,1.91,1.91,0.00,1.00,SYM-NO-RAMP,0,5.27,,,0,1,0,0,0,0,,,Saint Vincent Avenue,left,17,3,0,1
"-665.5,-256.5",-751.82,-313.27,-756.70,-320.20,90.6,3.40,no,,,,,,,,,NEITHER-EMITTED,0,5.30,,,0,0,0,0,0,0,,,,,17,0,0,0
"-665.5,-256.5",-565.06,-283.40,-558.50,-288.50,90.0,3.36,no,,,,,,,,,NEITHER-EMITTED,0,5.28,,,0,0,0,0,0,0,,,,,17,0,1,0
"372.5,-272.5",452.27,-199.72,453.60,-197.00,87.7,3.24,no,,,,,,,,,NEITHER-EMITTED,0,5.22,,,0,0,0,0,0,0,,,,,17,1,0,0
"372.5,-272.5",269.24,-257.93,259.60,-258.70,93.1,3.54,no,,,,,,,,,NEITHER-EMITTED,0,5.37,,,0,0,0,0,0,0,,,,,17,0,1,0
"372.5,-272.5",292.38,-345.42,284.80,-353.90,87.5,3.23,no,,,,,,,,,NEITHER-EMITTED,0,5.22,,,0,0,0,0,0,0,,,,,17,1,0,0
"372.5,-272.5",475.67,-287.29,479.00,-292.30,93.4,3.56,no,,,,,,,,,NEITHER-EMITTED,0,5.38,,,0,0,0,0,0,0,,,,,17,0,1,0
"-75.0,-320.5",-50.94,-215.88,-48.00,-203.90,99.2,3.96,no,,,,,,,,,NEITHER-EMITTED,0,5.58,,,0,0,0,0,0,0,,,,,17,1,1,0
"-75.0,-320.5",-160.40,-233.34,-166.10,-222.70,89.0,4.50,no,,,,,,,,,NEITHER-EMITTED,0,6.98,,,0,0,0,0,0,0,,,,,17,1,0,0
"-75.0,-320.5",-131.12,-323.19,-134.20,-325.60,104.5,4.40,no,0.00,1.52,,,1.91,1.91,0.00,1.00,SYM-NO-RAMP,0,5.69,,,0,1,1,0,0,0,Rutger Street,right,,,17,0,25,1
"-75.0,-320.5",-129.73,-327.41,-134.20,-325.60,75.3,2.72,no,,,0.00,1.52,1.91,1.91,0.00,1.00,SYM-NO-RAMP,0,5.12,,,0,1,1,0,0,0,,,Rutger Street,right,17,25,0,1
"-75.0,-320.5",-97.35,-425.21,-99.10,-431.60,94.5,3.63,no,,,,,,,,,NEITHER-EMITTED,0,5.42,,,0,0,0,0,0,0,,,,,17,0,0,0
"-75.0,-320.5",10.18,-398.11,18.40,-402.00,85.5,3.14,no,,,,,,,,,NEITHER-EMITTED,0,5.17,,,0,0,0,0,0,0,,,,,17,0,1,0
"-240.5,-301.5",-167.93,-234.50,-166.10,-222.70,90.2,2.22,no,,,,,,,,,NEITHER-EMITTED,0,3.54,,,0,0,0,0,0,0,,,,,17,1,1,0
"-240.5,-301.5",-342.28,-263.28,-355.00,-253.90,81.4,2.95,no,,,,,,,,,NEITHER-EMITTED,0,5.08,,,0,0,0,0,0,0,,,,,17,1,1,0
"-240.5,-301.5",-307.91,-369.13,-316.10,-373.60,92.7,3.52,no,,,,,,,,,NEITHER-EMITTED,0,5.36,,,0,0,0,0,0,0,,,,,17,1,0,0
"-240.5,-301.5",-138.88,-323.92,-134.20,-325.60,78.0,1.85,no,,,,,,,,,NEITHER-EMITTED,0,3.37,,,0,0,0,0,0,0,,,,,17,0,1,0
"-997.0,-313.0",-961.16,-353.02,-954.30,-357.50,91.1,3.42,no,,,,,,,,,NEITHER-EMITTED,0,5.31,,,0,0,0,0,0,0,,,,,17,5,0,0
"-997.0,-313.0",-975.86,-263.77,-970.90,-256.70,90.1,3.37,no,,,,,,,,,NEITHER-EMITTED,0,5.28,,,0,0,0,0,0,0,,,,,17,0,5,0
"-406.0,-413.0",-359.33,-265.45,-355.00,-253.90,66.0,4.50,no,1.00,3.69,2.00,5.11,2.80,4.05,1.25,0.69,ASYM,1,9.43,,,1,1,1,0,0,0,Park Avenue,right,South Jefferson Avenue,left,17,2,2,1
"-406.0,-413.0",-530.20,-297.62,-537.30,-292.60,85.0,3.11,no,,,1.00,3.69,2.80,2.80,0.00,1.00,SYM-WITH-RAMP,1,5.16,2.00,0.39,1,1,1,0,0,0,,,Park Avenue,right,17,2,1,1
"-406.0,-413.0",-509.89,-376.78,-514.30,-382.30,89.2,3.32,no,0.00,1.52,,,1.91,1.91,0.00,1.00,SYM-NO-RAMP,0,5.26,,,0,1,1,0,0,0,Caroline Street,right,,,17,1,33,1
"-406.0,-413.0",-507.80,-384.78,-514.30,-382.30,91.1,3.43,no,,,0.00,1.52,1.91,1.91,0.00,1.00,SYM-NO-RAMP,0,5.31,,,0,1,1,0,0,1,,,Caroline Street,right,17,33,0,1
"-406.0,-413.0",-485.48,-471.57,-490.40,-475.20,89.0,3.31,no,0.00,1.52,,,1.91,1.91,0.00,1.00,SYM-NO-RAMP,0,5.25,,,0,1,1,0,0,0,Rutger Street,right,,,17,0,16,1
"-406.0,-413.0",-484.37,-475.81,-490.40,-475.20,90.6,3.40,no,,,0.00,1.52,1.91,1.91,0.00,1.00,SYM-NO-RAMP,0,5.30,,,0,1,0,0,0,0,,,Rutger Street,right,17,16,0,1
"-406.0,-413.0",-462.58,-558.13,-466.60,-565.20,89.5,3.34,no,,,,,,,,,NEITHER-EMITTED,0,5.27,,,0,0,0,0,0,0,,,,,17,0,0,0
"-406.0,-413.0",-281.97,-509.57,-272.80,-513.10,87.8,3.25,no,2.00,5.11,,,2.92,2.92,0.00,1.00,SYM-WITH-RAMP,1,5.22,2.00,0.38,1,1,0,0,0,0,South Jefferson Avenue,left,,,17,0,2,1
"543.5,-341.0",572.40,-268.80,576.60,-261.40,87.6,3.24,no,,,,,,,,,NEITHER-EMITTED,0,5.22,,,0,0,0,0,0,0,,,,,17,16,0,0
"543.5,-341.0",482.49,-297.26,479.00,-292.30,91.7,3.46,no,,,,,,,,,NEITHER-EMITTED,0,5.33,,,0,0,0,0,0,0,,,,,17,0,16,0
"459.5,-414.0",623.70,-458.39,631.70,-465.20,90.0,3.37,no,0.00,1.52,0.47,1.52,1.91,2.37,0.47,0.80,SYM-NO-RAMP,0,5.28,,,1,1,1,0,0,0,West 18th Street,left,Chouteau Avenue,right,17,3,12,1
"459.5,-414.0",478.67,-298.47,479.00,-292.30,88.3,3.27,no,,,0.00,1.52,1.91,1.91,0.00,1.00,SYM-NO-RAMP,0,5.24,,,0,1,1,0,0,0,,,West 18th Street,left,17,12,0,1
"459.5,-414.0",295.39,-356.61,284.80,-353.90,92.6,3.51,no,,,,,,,,,NEITHER-EMITTED,0,5.36,,,0,0,0,0,0,0,,,,,17,0,0,0
"459.5,-414.0",316.66,-435.72,309.10,-444.30,90.0,3.36,no,0.00,1.52,,,1.91,1.91,0.00,1.00,SYM-NO-RAMP,0,5.28,,,0,1,0,0,0,0,Lasalle Street,right,,,17,0,25,1
"459.5,-414.0",319.95,-447.94,309.10,-444.30,89.9,3.36,no,,,0.00,1.52,1.91,1.91,0.00,1.00,SYM-NO-RAMP,0,5.28,,,0,1,1,0,0,0,,,Lasalle Street,right,17,25,0,1
"459.5,-414.0",342.05,-529.62,335.10,-540.40,90.2,4.41,no,0.47,1.52,,,2.37,2.37,0.00,1.00,SYM-WITH-RAMP,0,6.92,2.00,0.29,1,1,0,0,0,0,Chouteau Avenue,right,,,17,0,3,1
"-599.5,-503.0",-518.77,-387.70,-514.30,-382.30,90.0,3.37,no,0.00,1.52,0.00,1.52,1.91,1.91,0.00,1.00,SYM-NO-RAMP,0,5.29,,,0,1,1,0,0,0,Caroline Street,left,Ohio Avenue,right,17,4,4,1
"-599.5,-503.0",-520.85,-379.72,-514.30,-382.30,89.6,3.34,no,,,0.00,1.52,1.91,1.91,0.00,1.00,SYM-NO-RAMP,0,5.27,,,0,1,1,0,0,0,,,Caroline Street,left,17,4,1,1
"-599.5,-503.0",-541.45,-299.38,-537.30,-292.60,95.2,3.68,no,,,,,,,,,NEITHER-EMITTED,0,5.44,,,0,0,0,0,0,0,,,,,17,1,1,0
"-599.5,-503.0",-748.46,-332.82,-755.40,-327.80,89.3,3.33,no,0.00,1.52,,,1.91,1.91,0.00,1.00,SYM-NO-RAMP,0,5.26,,,0,1,1,0,0,0,California Avenue,left,,,17,1,2,1
"-599.5,-503.0",-727.54,-429.13,-732.30,-434.50,91.6,3.45,no,0.00,1.52,0.00,1.52,1.91,1.91,0.00,1.00,SYM-NO-RAMP,0,5.33,,,0,1,1,0,0,0,Caroline Street,right,California Avenue,left,17,2,25,1
"-599.5,-503.0",-725.41,-437.12,-732.30,-434.50,88.3,3.27,no,,,0.00,1.52,1.91,1.91,0.00,1.00,SYM-NO-RAMP,0,5.24,,,0,1,0,0,0,0,,,Caroline Street,right,17,25,0,1
"-599.5,-503.0",-701.68,-525.91,-706.90,-529.50,90.7,3.40,no,0.00,1.52,,,1.91,1.91,0.00,1.00,SYM-NO-RAMP,0,5.30,,,0,1,0,0,0,0,Rutger Street,left,,,17,0,4,1
"-599.5,-503.0",-700.55,-530.14,-706.90,-529.50,89.4,3.33,no,,,0.00,1.52,1.91,1.91,0.00,1.00,SYM-NO-RAMP,0,5.27,,,0,1,0,0,0,0,,,Rutger Street,left,17,4,0,1
"-599.5,-503.0",-677.82,-615.57,-682.10,-622.70,90.0,3.36,no,0.00,1.52,,,1.91,1.91,0.00,1.00,SYM-NO-RAMP,0,5.28,,,0,1,0,0,0,0,Hickory Street,right,,,17,0,2,1
"-599.5,-503.0",-674.84,-626.75,-682.10,-622.70,90.1,3.37,no,,,0.00,1.52,1.91,1.91,0.00,1.00,SYM-NO-RAMP,0,5.28,,,0,1,0,0,0,0,,,Hickory Street,right,17,2,0,1
"-599.5,-503.0",-653.66,-706.42,-657.80,-714.10,89.7,3.35,no,,,,,,,,,NEITHER-EMITTED,0,5.27,,,0,0,0,0,0,0,,,,,17,0,0,0
"-599.5,-503.0",-449.83,-651.08,-442.70,-655.70,90.0,3.37,no,0.00,1.52,,,1.91,1.91,0.00,1.00,SYM-NO-RAMP,0,15.11,,,0,1,0,0,0,1,Ohio Avenue,right,,,34,0,4,1
"-188.5,-453.5",-70.06,-532.95,-64.40,-538.00,86.7,3.19,no,,,,,,,,,NEITHER-EMITTED,0,5.20,,,0,0,0,0,0,0,,,,,17,1,0,0
"-188.5,-453.5",-101.00,-438.10,-99.10,-431.60,93.0,3.54,no,0.00,1.52,,,1.91,1.91,0.00,1.00,SYM-NO-RAMP,0,5.37,,,0,1,0,0,0,0,Hickory Street,left,,,17,0,2,1
"-188.5,-453.5",-104.72,-427.12,-99.10,-431.60,86.7,2.09,no,,,0.00,1.52,1.89,1.89,0.00,1.00,SYM-NO-RAMP,1,3.41,,,0,1,1,0,0,0,,,Hickory Street,left,17,2,0,1
"-188.5,-453.5",-137.49,-328.16,-134.20,-325.60,102.2,2.75,no,,,,,,,,,NEITHER-EMITTED,0,10.58,,,0,0,0,0,0,0,,,,,34,0,0,0
"-188.5,-453.5",-306.59,-373.32,-316.10,-373.60,87.8,3.25,no,,,,,,,,,NEITHER-EMITTED,0,5.22,,,0,0,0,0,0,0,,,,,17,0,1,0
"-188.5,-453.5",-242.26,-579.34,-249.20,-587.80,92.2,3.49,no,,,,,,,,,NEITHER-EMITTED,0,5.35,,,0,0,0,0,0,0,,,,,17,1,1,0
"-811.5,-399.0",-760.25,-334.74,-755.40,-327.80,90.6,3.40,no,,,0.00,1.52,1.91,1.91,0.00,1.00,SYM-WITH-RAMP,0,5.30,2.00,0.38,1,1,1,0,0,0,,,California Avenue,right,17,2,0,1
"-811.5,-399.0",-884.28,-355.09,-893.20,-350.40,84.8,3.10,no,,,,,,,,,NEITHER-EMITTED,0,5.15,,,0,0,0,0,0,0,,,,,17,0,1,0
"-811.5,-399.0",-855.47,-463.18,-861.60,-469.10,90.1,3.37,no,,,,,,,,,NEITHER-EMITTED,0,5.29,,,0,0,0,0,0,0,,,,,17,1,0,0
"-811.5,-399.0",-739.13,-432.04,-732.30,-434.50,90.0,3.36,no,0.00,1.52,,,1.91,1.91,0.00,1.00,SYM-WITH-RAMP,0,5.28,2.00,0.38,1,1,0,0,0,0,California Avenue,right,,,17,0,2,1
"-936.5,-423.5",-899.05,-357.57,-893.20,-350.40,94.6,3.64,no,0.00,1.52,,,1.91,1.91,0.00,1.00,SYM-NO-RAMP,0,5.42,,,0,1,0,0,0,0,Montrose Avenue,left,,,17,1,9,1
"-936.5,-423.5",-869.88,-467.07,-861.60,-469.10,90.1,3.37,no,,,0.00,1.52,1.91,1.91,0.00,1.00,SYM-NO-RAMP,0,5.28,,,0,1,0,0,0,0,,,Montrose Avenue,left,17,9,1,1
"114.0,-497.0",321.88,-534.95,335.10,-540.40,89.6,4.37,no,,,0.47,1.52,2.37,2.37,0.00,1.00,SYM-WITH-RAMP,0,6.89,2.00,0.29,1,1,1,0,0,0,,,Chouteau Avenue,right,17,4,1,1
"114.0,-497.0",275.49,-362.92,284.80,-353.90,87.5,3.23,no,,,,,,,,,NEITHER-EMITTED,0,5.22,,,0,0,0,0,0,0,,,,,17,1,0,0
"114.0,-497.0",37.31,-438.43,29.30,-434.90,89.9,3.36,no,0.00,1.52,,,1.91,1.91,0.00,1.00,SYM-NO-RAMP,0,5.28,,,0,1,1,0,0,1,Mackay Place,left,,,17,0,26,1
"114.0,-497.0",13.86,-409.11,18.40,-402.00,94.2,3.61,no,,,0.00,1.52,1.91,1.91,0.00,1.00,SYM-NO-RAMP,0,5.41,,,0,1,0,0,0,0,,,Mackay Place,left,17,26,0,1
"114.0,-497.0",-94.04,-436.31,-99.10,-431.60,85.8,3.15,no,,,,,,,,,NEITHER-EMITTED,0,5.17,,,0,0,0,0,0,0,,,,,17,0,0,0
"114.0,-497.0",-63.13,-531.11,-64.40,-538.00,93.1,3.54,no,0.00,1.52,,,1.91,1.91,0.00,1.00,SYM-NO-RAMP,0,5.37,,,0,1,1,0,0,0,Lasalle Street,right,,,17,0,25,1
"114.0,-497.0",-54.31,-541.86,-64.40,-538.00,86.8,3.20,no,,,0.00,1.52,1.91,1.91,0.00,1.00,SYM-NO-RAMP,0,5.20,,,0,1,1,0,0,1,,,Lasalle Street,right,17,25,0,1
"114.0,-497.0",-24.97,-631.52,-30.40,-641.90,93.1,4.50,no,0.47,1.52,,,2.37,2.37,0.00,1.00,SYM-WITH-RAMP,0,6.82,2.00,0.29,1,1,1,0,0,0,Chouteau Avenue,right,,,17,0,4,1
"716.0,-420.5",708.93,-396.33,704.00,-379.70,30.3,3.41,no,2.13,1.52,1.37,1.52,3.07,2.51,0.55,0.82,SYM-WITH-RAMP,1,7.34,2.00,0.27,1,1,0,1,0,1,Truman Parkway,right,secondary_link 29,left,17,2,2,1
"716.0,-420.5",708.23,-436.56,704.50,-446.50,65.2,3.16,no,,,2.13,1.52,2.84,2.84,0.00,1.00,SYM-WITH-RAMP,1,6.33,2.00,0.32,1,1,1,0,0,0,,,Truman Parkway,right,17,2,0,1
"716.0,-420.5",725.26,-431.96,736.70,-437.80,61.5,3.04,no,1.37,1.52,,,2.73,2.73,0.00,1.00,SYM-WITH-RAMP,1,6.88,2.00,0.29,1,1,1,0,0,0,secondary_link 29,left,,,17,0,2,1
"-771.5,-545.0",-737.01,-440.03,-732.30,-434.50,90.1,3.37,no,,,,,,,,,NEITHER-EMITTED,0,5.28,,,0,0,0,0,0,0,,,,,17,1,0,0
"-771.5,-545.0",-853.34,-471.17,-861.60,-469.10,90.2,3.37,no,,,,,,,,,NEITHER-EMITTED,0,5.29,,,0,0,0,0,0,0,,,,,17,0,0,0
"-771.5,-545.0",-829.94,-559.53,-836.60,-563.50,90.4,3.39,no,0.00,1.52,,,1.91,1.91,0.00,1.00,SYM-NO-RAMP,0,15.09,,,0,1,2,0,0,1,Rutger Street,right,,,34,0,3,1
"-771.5,-545.0",-828.82,-563.76,-836.60,-563.50,89.7,3.35,no,,,0.00,1.52,1.91,1.91,0.00,1.00,SYM-NO-RAMP,0,5.27,,,0,1,1,0,0,0,,,Rutger Street,right,17,3,0,1
"-771.5,-545.0",-806.26,-649.88,-812.00,-657.40,89.8,3.35,no,,,,,,,,,NEITHER-EMITTED,0,5.28,,,0,0,0,0,0,0,,,,,17,0,0,0
"-771.5,-545.0",-689.36,-618.65,-682.10,-622.70,90.1,3.37,no,,,,,,,,,NEITHER-EMITTED,0,5.28,,,0,0,0,0,0,0,,,,,17,0,1,0
"680.0,-504.0",670.00,-550.93,670.30,-556.60,88.0,3.26,no,,,1.25,1.52,2.93,2.93,0.00,1.00,SYM-WITH-RAMP,1,5.23,2.00,0.38,0,0,0,0,0,0,,,South 18th Street,left,17,8,0,0
"680.0,-504.0",699.79,-456.57,704.50,-446.50,61.3,3.04,no,1.25,1.52,,,2.74,2.74,0.00,1.00,SYM-WITH-RAMP,1,6.31,2.00,0.32,0,0,0,0,0,0,South 18th Street,left,,,17,0,8,0
"677.5,-465.0",679.79,-477.85,677.20,-492.40,25.7,3.31,no,,,,,,,,,NEITHER-EMITTED,0,11.18,,,0,0,0,0,0,0,,,,,17,1,0,0
"677.5,-465.0",685.48,-460.20,690.90,-449.90,57.7,2.94,no,,,,,,,,,NEITHER-EMITTED,0,6.27,,,0,0,0,0,0,0,,,,,17,0,0,0
"677.5,-465.0",670.24,-464.12,646.60,-461.30,29.7,2.35,no,,,,,,,,,NEITHER-EMITTED,0,7.80,,,0,0,0,0,0,0,,,,,17,0,1,0
"55.0,-767.0",654.51,-557.41,658.20,-552.30,74.8,4.50,no,0.00,1.52,,,1.91,1.91,0.00,1.00,SYM-NO-RAMP,0,8.26,,,0,1,1,0,0,0,Papin Street,right,,,17,122,24,1
"55.0,-767.0",658.12,-545.95,658.20,-552.30,74.1,2.68,no,1.37,1.52,0.00,1.52,2.41,1.45,0.96,0.60,ASYM,1,4.95,,,1,1,1,0,0,0,secondary_link 30,right,Papin Street,right,17,24,20,1
"55.0,-767.0",232.84,-580.44,225.40,-573.50,90.1,3.37,no,0.00,1.52,1.37,1.52,1.78,3.03,1.26,0.59,ASYM,1,5.28,,,1,1,1,0,0,0,South 21st Street,left,secondary_link 30,right,17,20,13,1
"55.0,-767.0",247.71,-678.58,251.60,-672.10,89.7,4.50,no,,,0.00,1.52,1.91,1.91,0.00,1.00,SYM-NO-RAMP,0,7.09,,,0,1,1,0,0,0,,,South 21st Street,left,17,13,0,1
"55.0,-767.0",105.05,-716.80,97.10,-713.50,89.9,3.36,no,0.00,1.52,,,1.91,1.91,0.00,1.00,SYM-NO-RAMP,0,5.28,,,0,1,1,0,0,1,South 22nd Street,left,,,17,0,2,1
"55.0,-767.0",91.89,-720.33,97.10,-713.50,90.1,3.86,no,0.00,1.52,0.00,1.52,1.91,1.91,0.00,1.00,SYM-NO-RAMP,0,6.05,,,0,1,0,0,0,0,Papin Street,right,South 22nd Street,left,17,2,2,1
"55.0,-767.0",89.15,-710.20,97.10,-713.50,89.8,3.35,no,,,0.00,1.52,1.91,1.91,0.00,1.00,SYM-NO-RAMP,0,5.28,,,0,1,0,0,0,0,,,Papin Street,right,17,2,0,1
"55.0,-767.0",66.07,-624.99,70.40,-614.90,90.2,3.86,no,,,,,,,,,NEITHER-EMITTED,0,6.05,,,0,0,0,0,0,0,,,,,17,0,1,0
"55.0,-767.0",-203.20,-697.06,-217.30,-691.90,72.5,2.63,no,2.00,5.11,,,2.36,2.36,0.00,1.00,SYM-WITH-RAMP,1,5.12,2.00,0.39,0,0,0,0,0,0,South Jefferson Avenue,left,,,17,1,16,0
"55.0,-767.0",-226.85,-703.41,-217.30,-691.90,72.6,2.63,no,0.48,1.52,2.00,5.11,0.94,2.37,1.43,0.40,ASYM,1,5.07,,,1,1,1,0,0,1,Chouteau Avenue,left,South Jefferson Avenue,left,17,16,2,1
"55.0,-767.0",-388.57,-745.89,-398.00,-739.40,78.6,2.84,no,0.00,1.52,0.48,1.52,1.91,2.38,0.48,0.80,SYM-NO-RAMP,0,5.03,,,1,1,0,0,0,0,Ohio Avenue,left,Chouteau Avenue,left,17,2,2,1
"55.0,-767.0",-399.77,-748.79,-398.00,-739.40,101.0,4.10,no,,,0.00,1.52,1.91,1.91,0.00,1.00,SYM-NO-RAMP,0,5.65,,,0,1,1,0,0,0,,,Ohio Avenue,left,17,2,122,1
"-896.5,-527.0",-844.36,-563.33,-836.60,-563.50,90.3,3.38,no,,,0.00,1.52,1.91,1.91,0.00,1.00,SYM-NO-RAMP,0,5.29,,,0,1,0,0,0,0,,,Montrose Avenue,left,17,6,0,1
"-896.5,-527.0",-867.74,-475.05,-861.60,-469.10,89.6,3.34,no,0.00,1.52,,,1.91,1.91,0.00,1.00,SYM-NO-RAMP,0,5.27,,,0,1,0,0,0,0,Montrose Avenue,left,,,17,0,6,1
"822.5,-563.5",737.79,-562.62,733.20,-558.40,90.0,4.50,no,,,,,,,,,NEITHER-EMITTED,0,7.06,,,0,0,0,0,0,0,,,,,17,6,6,0
"-357.0,-584.5",-278.51,-520.63,-272.80,-513.10,92.5,3.51,no,,,,,,,,,NEITHER-EMITTED,0,5.35,,,0,0,0,0,0,0,,,,,17,1,0,0
"-357.0,-584.5",-459.71,-569.34,-466.60,-565.20,91.0,3.42,no,0.00,1.52,,,1.91,1.91,0.00,1.00,SYM-NO-RAMP,0,5.31,,,0,1,1,0,0,0,Ohio Avenue,left,,,17,0,2,1
"-357.0,-584.5",-438.87,-648.13,-442.70,-655.70,90.2,3.37,no,,,0.00,1.52,1.91,1.91,0.00,1.00,SYM-NO-RAMP,0,5.29,,,0,1,1,0,0,0,,,Ohio Avenue,left,17,2,0,1
"-357.0,-584.5",-253.75,-598.67,-244.30,-602.70,86.8,3.19,no,,,,,,,,,NEITHER-EMITTED,0,5.20,,,0,0,0,0,0,0,,,,,17,0,1,0
"-140.0,-613.5",-238.37,-591.39,-249.20,-587.80,87.1,3.21,no,0.00,1.52,,,1.91,1.91,0.00,1.00,SYM-NO-RAMP,0,5.21,,,0,1,1,0,0,0,South Jefferson Avenue,right,,,17,1,2,1
"-140.0,-613.5",-210.79,-681.23,-217.30,-691.90,90.8,3.41,no,,,0.00,1.52,1.91,1.91,0.00,1.00,SYM-NO-RAMP,0,5.30,,,0,1,1,0,0,1,,,South Jefferson Avenue,right,17,2,0,1
"-140.0,-613.5",-41.53,-635.95,-30.40,-641.90,86.9,4.18,no,,,,,,,,,NEITHER-EMITTED,0,6.80,,,0,0,0,0,0,0,,,,,17,0,0,0
"-140.0,-613.5",-70.89,-546.25,-64.40,-538.00,93.4,3.56,no,,,,,,,,,NEITHER-EMITTED,0,5.38,,,0,0,0,0,0,0,,,,,17,0,1,0
"652.0,-627.0",666.82,-560.93,670.30,-556.60,91.9,4.50,no,1.25,1.52,1.25,1.52,3.15,3.15,0.00,1.00,SYM-WITH-RAMP,0,6.92,2.00,0.29,1,1,1,1,0,0,South 18th Street,left,South 18th Street,left,17,7,11,1
"652.0,-627.0",647.33,-696.07,646.00,-698.80,92.5,4.50,no,,,1.25,1.52,3.15,3.15,0.00,1.00,SYM-WITH-RAMP,0,6.87,2.00,0.29,1,1,1,0,0,0,,,South 18th Street,left,17,11,0,1
"652.0,-627.0",652.79,-694.84,655.30,-696.70,89.0,4.50,no,1.25,1.52,,,3.15,3.15,0.00,1.00,SYM-WITH-RAMP,0,7.14,2.00,0.28,1,1,1,0,0,0,South 18th Street,left,,,17,0,7,1
"706.0,-628.0",763.54,-687.84,767.40,-689.30,89.6,4.50,no,,,4.39,1.52,4.05,4.05,0.00,1.00,SYM-WITH-RAMP,1,7.10,2.00,0.28,0,0,0,0,0,0,,,South 18th Street,right,17,23,1,0
"706.0,-628.0",731.25,-564.27,733.20,-558.40,91.1,4.50,no,4.39,1.52,,,4.05,4.05,0.00,1.00,SYM-WITH-RAMP,1,6.98,2.00,0.29,0,0,0,0,0,0,South 18th Street,right,,,17,1,23,0
"-860.0,-614.0",-820.68,-653.71,-812.00,-657.40,90.2,3.37,no,,,,,,,,,NEITHER-EMITTED,0,5.29,,,0,0,0,0,0,0,,,,,17,5,0,0
"-860.0,-614.0",-843.24,-567.57,-836.60,-563.50,89.5,3.34,no,,,,,,,,,NEITHER-EMITTED,0,5.27,,,0,0,0,0,0,0,,,,,17,0,5,0
"162.0,-645.0",245.03,-668.43,251.60,-672.10,90.1,3.37,no,,,,,,,,,NEITHER-EMITTED,0,5.29,,,0,0,0,0,0,0,,,,,17,0,0,0
"162.0,-645.0",222.39,-583.23,225.40,-573.50,89.9,4.42,no,,,,,,,,,NEITHER-EMITTED,0,6.94,,,0,0,0,0,0,0,,,,,17,0,0,0
"162.0,-645.0",79.24,-621.47,70.40,-614.90,89.8,3.35,no,,,,,,,,,NEITHER-EMITTED,0,5.28,,,0,0,0,0,0,0,,,,,17,0,0,0
"162.0,-645.0",102.31,-706.67,97.10,-713.50,90.2,3.37,no,,,,,,,,,NEITHER-EMITTED,0,5.29,,,0,0,0,0,0,0,,,,,17,0,0,0
"808.0,-638.0",752.76,-619.78,748.00,-614.90,90.1,3.37,no,,,12.72,1.52,3.03,3.03,0.00,1.00,SYM-WITH-RAMP,1,5.29,2.00,0.38,1,1,1,0,0,0,,,Gratiot Street,right,17,6,0,1
"808.0,-638.0",770.07,-686.17,767.40,-689.30,90.2,4.50,no,12.72,1.52,,,4.05,4.05,0.00,1.00,SYM-WITH-RAMP,1,7.05,2.00,0.28,1,1,1,0,0,0,Gratiot Street,right,,,17,0,6,1
"-331.5,-673.0",-227.10,-685.60,-217.30,-691.90,89.3,4.35,no,,,0.47,1.52,2.37,2.37,0.00,1.00,SYM-WITH-RAMP,0,6.88,2.00,0.29,1,1,1,0,0,0,,,Chouteau Avenue,right,17,3,1,1
"-331.5,-673.0",-249.90,-610.75,-244.30,-602.70,92.1,3.48,no,,,,,,,,,NEITHER-EMITTED,0,5.34,,,0,0,0,0,0,0,,,,,17,1,0,0
"-331.5,-673.0",-435.59,-660.35,-442.70,-655.70,90.0,3.36,no,,,,,,,,,NEITHER-EMITTED,0,5.28,,,0,0,0,0,0,0,,,,,17,0,0,0
"-331.5,-673.0",-415.64,-735.12,-418.90,-744.90,90.2,3.37,no,0.47,1.52,,,2.37,2.37,0.00,1.00,SYM-WITH-RAMP,0,5.29,2.00,0.38,1,1,1,0,0,0,Chouteau Avenue,right,,,17,0,3,1
"-734.0,-684.5",-665.21,-709.47,-657.80,-714.10,89.5,3.34,no,,,0.00,1.52,1.91,1.91,0.00,1.00,SYM-NO-RAMP,0,5.27,,,0,1,0,0,0,0,,,South Ewing Avenue,left,17,2,0,1
"-734.0,-684.5",-686.39,-629.83,-682.10,-622.70,89.9,3.36,no,,,,,,,,,NEITHER-EMITTED,0,5.28,,,0,0,0,0,0,0,,,,,17,0,0,0
"-734.0,-684.5",-803.28,-661.06,-812.00,-657.40,89.8,3.35,no,0.00,1.52,,,1.91,1.91,0.00,1.00,SYM-NO-RAMP,0,5.28,,,0,1,1,0,0,1,South Ewing Avenue,left,,,17,0,2,1
"-538.5,-728.0",-426.60,-738.05,-418.90,-744.90,90.2,3.38,no,,,0.47,1.52,2.37,2.37,0.00,1.00,SYM-WITH-RAMP,0,5.29,2.00,0.38,1,1,0,0,0,0,,,Chouteau Avenue,right,17,2,0,1
"-538.5,-728.0",-446.54,-663.30,-442.70,-655.70,89.7,3.35,no,,,,,,,,,NEITHER-EMITTED,0,5.28,,,0,0,0,0,0,0,,,,,17,0,0,0
"-538.5,-728.0",-650.40,-718.65,-657.80,-714.10,90.2,3.37,no,,,,,,,,,NEITHER-EMITTED,0,5.29,,,0,0,0,0,0,0,,,,,17,0,0,0
"-538.5,-728.0",-630.47,-792.99,-634.00,-802.90,89.7,3.35,no,0.47,1.52,,,2.37,2.37,0.00,1.00,SYM-WITH-RAMP,0,5.27,2.00,0.38,1,1,0,0,0,0,Chouteau Avenue,right,,,17,0,2,1
"-821.5,-685.0",-817.70,-664.90,-812.00,-657.40,90.3,3.38,no,0.00,1.52,0.00,1.52,1.91,1.91,0.00,1.00,SYM-NO-RAMP,0,5.29,,,0,1,1,0,0,0,South Ewing Avenue,right,South Ewing Avenue,right,17,4,4,1
"651.0,-700.0",655.36,-715.52,658.30,-726.70,19.9,3.06,no,,,,,,,,,NEITHER-EMITTED,0,8.58,,,0,0,0,0,0,0,,,,,17,2,2,0
"-704.5,-767.0",-642.01,-796.10,-634.00,-802.90,89.9,3.36,no,,,0.47,1.52,2.37,2.37,0.00,1.00,SYM-WITH-RAMP,0,5.28,2.00,0.38,1,1,1,0,0,0,,,Chouteau Avenue,right,17,6,0,1
"-704.5,-767.0",-661.95,-721.70,-657.80,-714.10,90.6,3.40,no,0.47,1.52,,,2.37,2.37,0.00,1.00,SYM-WITH-RAMP,0,5.30,2.00,0.38,1,1,1,0,0,0,Chouteau Avenue,right,,,17,0,6,1
