53	Ec5l5iZKdFJLsoD1_M0i0JsBTjCr06XO-TBqIwrsKtoA0A
50	EcpyFbQBL75KkHYSdnewvzoBnwlzH_cKYSnGKF7bwaASjA
52	ERGHfh7w3jBCogb5RFZEZnEBkYSldLspi2aX9X0oBHIxLg
47	EeLVnKuQDVZNl9psRSajPQwBn0jH1eh0hQzhyTeAtnCbtg
54	ESHtUbNSSPBFkN-4bWjY8AIBfaagMeqMlWHotOxrYPV8gQ
58	ESTB3bnu8MtOqg7yE96nNwoBCPEJIA_9ghZG4Ml2KKMbIg
51	EUyGyk-5XztKmCQ8YkihA8IB85rkhSWWeDEwL4QU_aglVw
48	ERkfwViosW9BhtLgxqOV7GABkLxYjTIPxxCwj0D05fKzgw
57	EXronWziSWpCheRoofMvzNABnqafE3cGVr0-6BFwlkfVpA
59	EdlLftqXvHhAqMpO56sHmasBgUoqwe_tdOVWRuCze71cfQ
62	EYJDwP8zlh1Hoam6qgiy3RQB4TJqWA5-DckSNERKLU5l5w
